gh_username,first_name,last_name,country,state,OS,Domain_areas,Description,technical_areas
ab93,Avik,Basu,USA,California,"Mac, Linux","NLP, text analysis, Linguistics, Mathematics, Statistics, ML, AI, Computer sciences, Education","Deep Learning, time series, industry data science, deep unsupervised learning, ML in finance ","Data visualization, Data munging, Python package structure, Documentation quality, Unit Testing, Continuous Integration, Object oriented programming, Web API's, Docker, Tool usability / accessibility, Python best practices"
akritaag,Akrita,Agarwal,,,,"Computer science, data engineering, machine learning and AI","Software engineer at Oracle Cloud Infrastructure, previously at Amazon and DexCare. My work spans data platforms, distributed data processing, production ML workflows and healthcare data systems. I’m interested in helping Python packages become more reliable, well tested and easier to use.","Data pipelines, distributed processing, Python package structure, unit and regression testing, continuous integration, documentation quality, API integration, tool usability"
anitagraser,,,,,,,,
arianesasso,,,,,,,,
banesullivan,Bane,Sullivan,United States,California,Mac,"Spatial data, spatial analysis, GIS, Geosciences / earth science, 3D visualization","Remote sensing of the environment and subsurface, developer advocacy, data science, 3D visualization","Data visualization, Python package structure, Documentation quality, Unit Testing, Continuous Integration, Object oriented programming, Web API's, Docker, Tool usability / accessibility"
batalex,Alexandre,Batisse,France,,"Windows, Mac, Linux","Statistics, ML, AI, Computer sciences, Bioinformatics","I work as a Data Scientist on health care data. I conduct epidemiology studies and maintain private packages (analytics, dataviz).","Data visualization, Data extraction & retrieval, Data munging, Python package structure, Documentation quality, Unit Testing, Continuous Integration, Object oriented programming, Web API's, Docker"
cmarmo,Chiara,Marmo,USA,Hawaii,Linux,"Spatial data, spatial analysis, GIS, Space sciences, Geosciences / earth science, Astronomy","Data processing in Astronomy, Planetary Sciences, Geospatial data. Standard development, interoperability.","Data extraction & retrieval, Data munging, Data deposition, Documentation quality, Continuous Integration"
coatless,James,Balamuta,United States,California,"Mac, Linux","NLP, text analysis, Spatial data, spatial analysis, GIS, Mathematics, Statistics, ML, AI, Computer sciences, Bioinformatics, Education","Latent variable modeling, restricted latent class models, deep learning, computational statistics, psychometrics, item response theory, biostatistics, genomics","Data visualization, Data extraction & retrieval, Data munging, Data deposition, Python package structure, Documentation quality, Unit Testing, Continuous Integration, Object oriented programming, Web API's, Web scraping, Security, Docker, Tool usability / accessibility"
crhea93,Carter,Rhea,Canada,,,"NLP, text analysis, Spatial data, spatial analysis, GIS, Physics, Mathematics, Statistics, ML, AI, Computer sciences, Hydrology, Space sciences, Geosciences / earth science",Astronomical Image and Spectral Pipeline and Analysis,"Data visualization, Data extraction & retrieval, Documentation quality, Unit Testing, Web API's, Tool usability / accessibility"
ctb,Titus,,,,,,,
dhomeier,Derek,Homeier,Germany,Lower Saxony,"Mac, Linux","Physics, Atmospheric sciences, Space sciences, Astrophysics","scientific data analysis, spectroscopy, atmospheric simulations","Data visualization, Data extraction & retrieval, Python package structure, Documentation quality, Unit Testing"
eliotwrobson,Eliot,Robson,United States,Illinois,"Windows, Linux","Mathematics, Computer sciences, Education","Algorithms, specifically involving randomness, geometry, and graph theory.","Data visualization, Data extraction & retrieval, Data munging, Python package structure, Documentation quality, Unit Testing, Continuous Integration, Object oriented programming"
hamogu,Hans Moritz,Günther,United States,MA,"Mac, Linux","Physics, Astronomy","Astronomy with a focus on star formation and high-energy observations, also instrument development","Data visualization, Data extraction & retrieval, Data munging, Data deposition, Python package structure, Documentation quality, Unit Testing, Continuous Integration, Object oriented programming"
haozeke,Rohit,Goswami,Switzerland,Vaud,,"Physics, Chemistry, Mathematics, Statistics, ML, AI","Transition state searches, kinetic monte carlo, excited state calculations, heavy element (relativistic) calculations, Gaussian Process Regression, Bayesian Hierarchical models, Numerical lasing studies, molecular dynamics","Data visualization, Data extraction & retrieval, Data munging, Data deposition, Python package structure, Documentation quality, Unit Testing, Continuous Integration, Object oriented programming, Docker"
isabelizimm,Isabel,Zimmerman,USA,Florida,Mac,"Statistics, ML, AI, Computer sciences",building IDEs and MLOps Python frameworks,"Data visualization, Data extraction & retrieval, Python package structure, Documentation quality, Continuous Integration"
jbencook,,,,,,,,
jlpalomino,,,,,,,,
jonas-eschle,Jonas,Eschle,Switzerland,Geneva,,"Physics, Statistics, ML, AI",statistical analysis of physics at CERN,"Data visualization, Data extraction & retrieval, Python package structure, Documentation quality, Unit Testing, Continuous Integration, Object oriented programming"
julimillan,Julieta,Millan,Argentina,Buenos Aires,Mac,"Statistics, ML, AI, Ecology / Biology","Biology, neuroscience, industry data science","Data visualization, Data extraction & retrieval, Python package structure, Documentation quality, Object oriented programming, Tool usability / accessibility"
kellyrowland,,,,,,,,
kysolvik,,,,,,,,
luizirber,,,,,,,,
lwasser,,,,,,,,
mjhajharia,Meenal,,,,,,,
nickledave,,,,,,,,
nimasarajpoor,Nima,Sarajpoor,Canada,Ontario,"Mac, Linux","Mathematics, Statistics, ML, AI, Computer sciences, Energy",[PhD research] Analyzing renewable energy data to discover patterns using shape-aware unsupervised learning algorithms [Current work] Using SQL and Python to develop tools for our Fraud Detection applications for different business lines (insurance and finance),"Data visualization, Data extraction & retrieval, Data munging, Data deposition, Python package structure, Documentation quality, Unit Testing, Continuous Integration, Object oriented programming"
ocefpaf,,,,,,,,
rcaneill,,,,,,,,
russbiggs,,,,,,,,
shaunagm,,,,,,,,
shirubana,Silvana,Ovaitt,United States,Colorado,"Windows, Linux","Energy, Solar Energy, Spectra, Light","Photovoltaic optical and electrical modeling, and other renewable energy models","Data munging, Python package structure, Documentation quality, Tool usability / accessibility"
shrishar,,,,,,,,
simonmolinsky,Simon,Molinsky,,,,,,
slobentanzer,Sebastian,Lobentanzer,,,,,,
sneakers-the-rat,Jonny,Saunders,US,CA,"Mac, Linux","NLP, text analysis, Linguistics, Ecology / Biology, Bioinformatics, Bibliometrics (Library science, scientific literature access), Social Sciences","Formerly auditory neuroscience, animal models of phonetics. Realtime experimental hardware/software, low-resource computing, data modeling and schema creation. Currently peer-to-peer social/data systems.","Data visualization, Data extraction & retrieval, Data munging, Data deposition, Python package structure, Documentation quality, Unit Testing, Continuous Integration, Object oriented programming, Web API's, Web scraping, Security, Tool usability / accessibility"
tkoyama010,Tetsuo,Koyama,Japan,Tokyo,Linux,"Physics, Mathematics",Scientific computing,"Data visualization, Python package structure, Documentation quality, Unit Testing, Continuous Integration, Object oriented programming, Tool usability / accessibility"
tomalrussell,,,,,,,,
xmnlab,,,,,,,,
yeelauren,Lauren,Yee,Canada,Ontario,"Windows, Mac, Linux","Spatial data, spatial analysis, GIS, Statistics, ML, AI, Ecology / Biology, Epidemiology, Geosciences / earth science","data scientist, consultant, machine learning and remote sensing, ecology based projects, computer vision, deep learning","Data visualization, Data extraction & retrieval, Data munging, Documentation quality, Web scraping, Docker, Tool usability / accessibility"
