gh_username,active,first_name,last_name,country,state,OS,Domain_areas,Description,technical_areas
ab93,False,Avik,Basu,USA,California,"Mac, Linux","NLP, text analysis, Linguistics, Mathematics, Statistics, ML, AI, Computer sciences, Education","Deep Learning, time series, industry data science, deep unsupervised learning, ML in finance ","Data visualization, Data munging, Python package structure, Documentation quality, Unit Testing, Continuous Integration, Object oriented programming, Web API's, Docker, Tool usability / accessibility, Python best practices"
anitagraser,False,,,,,,,,
arianesasso,False,,,,,,,,
banesullivan,False,Bane,Sullivan,United States,California,Mac,"Spatial data, spatial analysis, GIS, Geosciences / earth science, 3D visualization","Remote sensing of the environment and subsurface, developer advocacy, data science, 3D visualization","Data visualization, Python package structure, Documentation quality, Unit Testing, Continuous Integration, Object oriented programming, Web API's, Docker, Tool usability / accessibility"
batalex,False,Alexandre,Batisse,France,,"Windows, Mac, Linux","Statistics, ML, AI, Computer sciences, Bioinformatics","I work as a Data Scientist on health care data. I conduct epidemiology studies and maintain private packages (analytics, dataviz).","Data visualization, Data extraction & retrieval, Data munging, Python package structure, Documentation quality, Unit Testing, Continuous Integration, Object oriented programming, Web API's, Docker"
cmarmo,False,Chiara,Marmo,USA,Hawaii,Linux,"Spatial data, spatial analysis, GIS, Space sciences, Geosciences / earth science, Astronomy","Data processing in Astronomy, Planetary Sciences, Geospatial data. Standard development, interoperability.","Data extraction & retrieval, Data munging, Data deposition, Documentation quality, Continuous Integration"
eliotwrobson,False,Eliot,Robson,United States,Illinois,"Windows, Linux","Mathematics, Computer sciences, Education","Algorithms, specifically involving randomness, geometry, and graph theory.","Data visualization, Data extraction & retrieval, Data munging, Python package structure, Documentation quality, Unit Testing, Continuous Integration, Object oriented programming"
isabelizimm,False,Isabel,Zimmerman,USA,Florida,Mac,"Statistics, ML, AI, Computer sciences",building IDEs and MLOps Python frameworks,"Data visualization, Data extraction & retrieval, Python package structure, Documentation quality, Continuous Integration"
jbencook,False,,,,,,,,
jlpalomino,False,,,,,,,,
kellyrowland,False,,,,,,,,
luizirber,False,,,,,,,,
lwasser,False,,,,,,,,
mjhajharia,False,Meenal,,,,,,,
nickledave,False,,,,,,,,
nimasarajpoor,False,Nima,Sarajpoor,Canada,Ontario,"Mac, Linux","Mathematics, Statistics, ML, AI, Computer sciences, Energy",[PhD research] Analyzing renewable energy data to discover patterns using shape-aware unsupervised learning algorithms [Current work] Using SQL and Python to develop tools for our Fraud Detection applications for different business lines (insurance and finance),"Data visualization, Data extraction & retrieval, Data munging, Data deposition, Python package structure, Documentation quality, Unit Testing, Continuous Integration, Object oriented programming"
ocefpaf,False,,,,,,,,
russbiggs,False,,,,,,,,
simonmolinsky,False,Simon,Molinsky,,,,,,
sneakers-the-rat,False,Jonny,Saunders,US,CA,"Mac, Linux","NLP, text analysis, Linguistics, Ecology / Biology, Bioinformatics, Bibliometrics (Library science, scientific literature access), Social Sciences","Formerly auditory neuroscience, animal models of phonetics. Realtime experimental hardware/software, low-resource computing, data modeling and schema creation. Currently peer-to-peer social/data systems.","Data visualization, Data extraction & retrieval, Data munging, Data deposition, Python package structure, Documentation quality, Unit Testing, Continuous Integration, Object oriented programming, Web API's, Web scraping, Security, Tool usability / accessibility"
tomalrussell,False,,,,,,,,
xmnlab,False,,,,,,,,
