,package_name,submitting_author,editor,eic,date_opened,date_closed,date_accepted,labels,issue_num,description,categories,status,last_comment_date,last_comment_user
0,research-timeline,Strugiss,TBD,TBD,2026-08-10 17:55:27+00:00,,missing,"['0/pre-review-checks', 'New Submission!']",338,"CLI tool to track, validate, and export the research process — from first AI interaction to submission — as a typed, versioned, schema-validated JSON timeline","['data-validation-testing', 'workflow-automation']",pre-review,2026-08-11T21:22:15Z,lwasser
1,spectralbrain,rdneuro,TBD,TBD,2026-07-01 04:00:38+00:00,2026-07-13 00:20:56+00:00,missing,"['0/pre-review-checks', 'New Submission!']",325,Input Agnostic Brain Structures Acquisition and Analysis of Morfphometric Spectral Descriptors.,"['data-retrieval', 'data-extraction', 'data-processing-munging', 'data-validation-testing', 'data-visualization', 'scientific-software-wrapper']",pre-review,2026-07-19T21:32:10Z,rdneuro
2,confusion-mapper,Manik-Maurya,TBD,TBD,2026-06-29 07:47:40+00:00,,missing,"['presubmission', '5/awaiting-reviewer-response']",324,Human-AI hybrid inter-rater reliability tool for cognitive error taxonomy classification in multiple-choice question distractors.,['education'],presubmission,2026-07-13T00:14:26Z,crhea93
3,PyCFAST,bewygs,TBD,kysolvik,2026-06-12 11:51:48+00:00,,missing,['0/seeking-editor'],318,"Python interface for building, running, and analyzing [CFAST](https://pages.nist.gov/cfast/) fire simulation models",['scientific-software-wrapper'],seeking editor,2026-07-14T10:53:54Z,bewygs
4,Episia,ArielShadrac,TBD,kysolvik,2026-06-09 23:24:55+00:00,,missing,['0/seeking-editor'],317,"Open-source epidemiology and biostatistics library for Python, with validated measures, compartmental models, DHIS2 integration, and automated reporting.","['data-processing-munging', 'data-visualization', 'scientific-software-wrapper']",seeking editor,2026-07-28T23:20:12Z,ArielShadrac
5,AMFOrA,aleciaco,TBD,kysolvik,2026-06-08 20:55:35+00:00,,missing,"['0/pre-review-checks', '⌛ pending-maintainer-response']",316,"Automated quantitative analysis of ceramic sherd fabric from flatbed-scanner images — inclusion and void detection, size and orientation measurement, color characterization, and batch CSV export. Built for archaeological survey workflows.","['data-extraction', 'data-processing-munging', 'data-validation-testing', 'data-visualization']",on hold,2026-08-11T18:26:08Z,aleciaco
6,harmonsmile,NanoBiostructuresRG,TBD,kysolvik,2026-06-06 08:50:24+00:00,,missing,"['0/pre-review-checks', '⌛ pending-maintainer-response']",314,"HARMONSMILE harmonizes molecular SMILES strings into a reproducible canonical, isomeric, and Kekulized RDKit-based representation for cheminformatics and molecular machine-learning dataset preparation.","['data-retrieval', 'data-extraction', 'data-processing-munging', 'workflow-automation', 'database-interoperability']",on hold,2026-08-16T01:22:02Z,NanoBiostructuresRG
7,dsigma,johannesulf,crhea93,kysolvik,2026-05-25 12:39:45+00:00,,missing,"['2/seeking-reviewers', '1/editor-assigned', 'astropy']",312,a user-friendly galaxy–galaxy lensing package,['data-processing-munging'],under-review,2026-07-09T19:57:47Z,crhea93
8,PyAutoLens,Jammy2211,dhomeier,kysolvik,2026-05-11 09:13:01+00:00,,missing,"['1/editor-assigned', 'astropy']",305,Astronomy software for strong gravitational lensing analysis and Bayesian inference,"['data-processing-munging', 'scientific-software-wrapper']",under-review,2026-06-19T17:02:49Z,Jammy2211
9,"""earthaccess""",danielfromearth,kysolvik,kysolvik,2026-05-05 19:12:40+00:00,,missing,['4/reviews-in-awaiting-changes'],302,"""`earthaccess` is a python library to search for, and download or stream NASA Earth science data with just a few lines of code.""",['data-retrieval'],under-review,2026-08-18T18:00:12Z,kysolvik
10,wikipediaGATN,cadrianas,TBD,kysolvik,2026-04-30 17:14:40+00:00,,missing,['0/seeking-editor'],300,wikipediaGATN scrapes Wikipedia airport pages to assemble the Global Air Transportation Networks (GATN),"['data-retrieval', 'data-extraction', 'data-processing-munging', 'data-deposition', 'workflow-automation']",seeking editor,2026-07-08T20:05:43Z,kysolvik
11,dfcosmic,crhea93,TBD,kysolvik,2026-03-10 13:33:54+00:00,,missing,['1/editor-assigned'],289,Python package for GPU accelerated cosmic ray removal following the original LACosmic algorithm,['data-processing-munging'],under-review,2026-07-31T06:45:05Z,hamogu
12,clinops,chaitanyakasaraneni,,TBD,2026-02-24 21:41:53+00:00,,,['0/pre-review-checks'],287,"Production-grade Python toolkit for clinical ML data pipelines — patient-safe splitting, physiological outlier clipping, unit normalization, and ICD harmonization for MIMIC-IV and FHIR R4","['data-retrieval', 'data-extraction', 'data-processing-munging', 'data-validation-testing']",pre-review,2026-04-10T19:12:39Z,chaitanyakasaraneni
13,rgpycrumbs,HaoZeke,TBD,kysolvik,2026-02-23 01:57:48+00:00,,missing,['0/seeking-editor'],286,"A dispatcher-managed analytical engine for computational chemistry -- kernel-based surface fitting, structural analysis, and reactive path projection.","['data-processing-munging', 'data-visualization', 'workflow-automation', 'scientific-software-wrapper']",seeking editor,2026-03-01T00:54:12Z,HaoZeke
14,phasecurvefit,nstarman,TBD,crhea93,2026-02-20 15:32:56+00:00,,missing,['0/seeking-editor'],285,,['data-processing-munging'],seeking editor,2026-05-12T19:21:11Z,nstarman
15,weitsicht,MartinW-S2M,yeelauren,kysolvik,2026-02-18 00:23:51+00:00,,missing,['1/editor-assigned'],284,"A Python package that enables further use of georeferenced images for mapping (plane, raster, mesh) and projection between image space and 3D.","['data-extraction', 'data-processing-munging', 'scientific-software-wrapper']",under-review,2026-08-04T13:02:26Z,MartinW-S2M
16,solar-wavelength-calibration,eigenbrot,hamogu,crhea93,2026-02-10 18:52:02+00:00,,2026-07-21,"['5/awaiting-reviewer-response', '6/pyOS-approved', '7/under-joss-review']",283,Library for computing absolute wavelength calibration of Solar spectra.,['data-processing-munging'],,2026-07-21T17:49:36Z,hamogu
17,pyhctsa,joshuabmoore,crhea93,crhea93,2026-02-08 22:51:04+00:00,,2026-07-09,"['6/pyOS-approved', '8/joss-review-complete', '1/editor-assigned']",282,Python package for highly comparative time-series analysis,"['data-extraction', 'workflow-automation', 'scientific-software-wrapper']",under-review,2026-07-19T20:55:58Z,joshuabmoore
18,tanml,tradertanmay,crhea93,crhea93,2026-01-27 01:30:28+00:00,,missing,"['5/awaiting-reviewer-response', '1/editor-assigned']",280,Automated Model Validation Toolkit for Tabular Machine Learning,"['data-validation-testing', 'workflow-automation']",under-review,2026-08-06T13:42:14Z,tradertanmay
19,nsEVDx,Nischalcs50,JuliMillan,crhea93,2025-09-30 03:08:24+00:00,,2026-7-3,"['6/pyOS-approved', '7/under-joss-review']",265,This package implements both bayesian sampling techniques and frequentist methods to estimate the parameters of non-stationary extreme value distributions,"['data-processing-munging', 'scientific-software-wrapper']",,2026-07-05T04:03:55Z,Nischalcs50
20,pyxel,flemmel or for Gitlab: https://gitlab.com/frederic.lemmel,dhomeier,crhea93,2025-09-05 05:53:18+00:00,,missing,"['3/reviewers-assigned', 'astropy']",262,"Pyxel is a easy-to-use general detector simulation framework that can simulate a variety of imaging detector effects combined on images (e.g. radiation and optical effects, noises) made by CCD or CMOS-based detectors.",['data-processing-munging'],under-review,2026-04-13T06:18:10Z,flemmel
21,LSAPy,baptistehamon,tkoyama010,crhea93,2025-08-28 08:27:52+00:00,,missing,"['2/seeking-reviewers', '1/editor-assigned']",261,Package to help and ease Land Suitability Analysis (LSA) workflow.,['data-processing-munging'],under-review,2026-08-13T07:05:11Z,baptistehamon
22,Phileas,ldbo,TBD,TBD,2025-08-27 09:58:22+00:00,,missing,['0/pre-review-checks'],260,Phileas — reproducible automation for hardware security experiments,"['data-processing-munging', 'workflow-automation']",pre-review,2026-02-02T01:13:17Z,crhea93
23,,ocefpaf,lwasser,,2019-03-22 15:49:42+00:00,2022-09-01 16:33:11+00:00,,"['4/reviews-in-awaiting-changes', 'topic: data-retrieval', 'incomplete-closed-review', 'on-hold']",1,,['data-retrieval'],on hold,2022-09-01T21:39:41Z,lwasser
24,lintquarto,amyheather,kysolvik,eliotwrobson,2025-08-18 14:36:01+00:00,2026-07-09 16:03:49+00:00,2026-06-09,['6/pyOS-approved'],257,"Package for running linters, static type checkers and code analysis tools on python code in quarto (.qmd) files.",['data-validation-testing'],pyos-accepted,2026-07-10T08:29:29Z,amyheather
25,ChemInformant,HzaCode,eliotwrobson,eliotwrobson,2025-07-31 17:50:42+00:00,2025-10-01 15:35:48+00:00,2025-09-29,"['6/pyOS-approved', 'joss-fast-track']",254,"A robust, high-throughput Python client for retrieving chemical information from the PubChem API; it returns analysis-ready Pandas/SQL outputs, handles caching, rate-limiting and retries, and includes convenient CLI tools.","['data-retrieval', 'data-extraction', 'data-processing-munging', 'data-validation-testing', 'workflow-automation', 'scientific-software-wrapper', 'database-interoperability']",pyos-accepted,2025-10-07T16:39:26Z,pllim
26,astropy,pllim,crhea93,yeelauren,2025-07-14 21:58:24+00:00,2026-01-22 23:06:56+00:00,2025-12-17,"['6/pyOS-approved', 'astropy']",251,A Community Python Library for Astronomy,"['data-retrieval', 'data-extraction', 'data-processing-munging', 'data-visualization', 'scientific-software-wrapper']",pyos-accepted,2026-01-23T19:30:35Z,pllim
27,Pyinterpolate,SimonMolinsky,banesullivan,eliotwrobson,2025-07-12 14:09:45+00:00,2026-01-21 20:08:01+00:00,2025-12-3,"['6/pyOS-approved', '9/joss-approved']",250,Spatial interpolation: Kriging and Variogram Analysis toolset,['data-processing-munging'],joss-accepted,2025-12-03T17:35:17Z,banesullivan
28,MILESpy,isaac-aa,hamogu,crhea93,2025-06-10 11:03:05+00:00,2026-08-05 05:51:53+00:00,2026-07-21,"['6/pyOS-approved', 'astropy']",247,Python wrapper for the MILES stellar library and Single Stellar Population models,"['data-retrieval', 'data-processing-munging']",pyos-accepted,2026-08-05T05:51:53Z,hamogu
29,swiftgalaxy,kyleaoman,crhea93,coatless,2025-05-24 11:05:16+00:00,2025-12-17 23:09:26+00:00,2025-10-17,"['6/pyOS-approved', '9/joss-approved']",244,"Load in particles of a simulated galaxy, rotate coordinates, easy spherical/cylindrical coordinates, access integrated properties, and more.","['data-extraction', 'data-processing-munging']",joss-accepted,2025-10-17T17:10:52Z,crhea93
30,VARGRAM,cjpalpallatoc,ctb,coatless,2025-05-09 07:56:45+00:00,,missing,['1/editor-assigned'],243,A Python visualization tool for genomic surveillance,"['data-visualization', 'scientific-software-wrapper']",under-review,2026-01-08T06:24:35Z,cjpalpallatoc
31,Picht,rolypolytoy,HaoZeke,coatless,2025-05-07 20:40:02+00:00,,missing,['1/editor-assigned'],242,Electron and ion optics simulation using the Finite Difference Method (FDM),"['data-processing-munging', 'scientific-software-wrapper']",under-review,2025-12-16T04:37:58Z,eliotwrobson
32,passagemath-latte-4ti2,mkoeppe,TBD,coatless,2025-05-06 18:51:08+00:00,2025-07-02 00:58:58+00:00,missing,"['0/pre-review-checks', '⌛ pending-maintainer-response']",241,Lattice points in polyhedra with LattE integrale and 4ti2 (Python interfaces),['scientific-software-wrapper'],on hold,2025-07-02T00:58:58Z,coatless
33,MOCPy,ManonMarchand,crhea93,,2025-04-17 14:21:50+00:00,,missing,"['4/reviews-in-awaiting-changes', '1/editor-assigned', 'astropy']",238,"MOCPy allows to read/write, and create Multi-Order Coverage Maps","['data-retrieval', 'data-extraction', 'data-processing-munging']",under-review,2026-08-19T07:31:47Z,ManonMarchand
34,PyAutoGalaxy,Jammy2211,hamogu,coatless,2025-03-13 13:15:30+00:00,2026-05-04 17:41:20+00:00,2026-05-04,"['6/pyOS-approved', 'astropy']",235,Astronomy software for analysing the morphologies and structures of galaxies,"['data-processing-munging', 'scientific-software-wrapper']",pyos-accepted,2026-05-04T17:41:20Z,hamogu
35,C4dynamics,C4dynamics,crhea93,,2025-03-08 19:44:02+00:00,2026-07-06 17:16:38+00:00,2026-05-19,"['6/pyOS-approved', '9/joss-approved']",234,Python framework for algorithms of dynamic systems,['data-processing-munging'],joss-accepted,2026-07-02T17:07:48Z,c4dynamics
36,pymultifit,syedalimohsinbukhari,batalex,coatless,2025-01-21 07:30:12+00:00,2025-11-05 10:09:46+00:00,2025-10-05,"['6/pyOS-approved', '9/joss-approved']",233,A python library for fitting data with multiple models.,['data-processing-munging'],joss-accepted,2025-10-24T11:59:02Z,syedalimohsinbukhari
37,BlockingPy,T-Strojny,,coatless,2025-01-09 18:13:33+00:00,2026-04-13 22:09:55+00:00,2025-10-01,['6/pyOS-approved'],232,Blocking records for record linkage and deduplication with Approximate Nearest Neighbor algorithms.;,['data-processing-munging'],pyos-accepted,2026-04-14T06:48:44Z,BERENZ
38,PIVA,pudeIko,crhea93,coatless,2025-01-04 14:36:12+00:00,2025-10-06 13:10:53+00:00,2025-08-04,"['6/pyOS-approved', '9/joss-approved']",231,Visualization and analysis toolkit for experimental data from Angle-Resolved Photoemission Spectroscopy (ARPES),"['data-extraction', 'data-visualization']",joss-accepted,2025-10-06T13:08:41Z,crhea93
39,GREOPy,irideselby,jonas-eschle,coatless,2024-12-21 12:34:09+00:00,2025-10-07 18:05:53+00:00,2025-08-04,"['6/pyOS-approved', '9/joss-approved']",227,Calculate relativistic light rays sent by an emitter to a receiver in the presence of a gravitational field.,['data-processing-munging'],joss-accepted,2025-10-07T18:08:25Z,lwasser
40,tda-mapper,lucasimi,yeelauren,SimonMolinsky,2024-12-15 09:07:37+00:00,2026-05-22 04:01:44+00:00,2026-05-21,['6/pyOS-approved'],222,A Python library implementing the Mapper algorithm for Topological Data Analysis.,"['data-processing-munging', 'data-visualization']",pyos-accepted,2026-06-11T16:44:45Z,kysolvik
41,GALFITools,canorve,hamogu,,2024-12-07 00:28:52+00:00,2025-12-31 18:36:25+00:00,2025-10-30,"['6/pyOS-approved', '9/joss-approved', 'astropy']",220,A library for efficient data processing customized for the GALFIT package,"['data-extraction', 'data-processing-munging', 'data-visualization']",joss-accepted,2025-12-31T20:10:09Z,canorve
42,DQMaRC,ALightNHS,TBD,SimonMolinsky,2024-10-31 11:48:11+00:00,2025-07-29 22:08:53+00:00,missing,"['0/pre-review-checks', '⌛ pending-maintainer-response', 'on-hold']",215,A Python Tool for Structured Data Quality Profiling,"['data-processing-munging', 'data-validation-testing', 'data-visualization']",on hold,2025-07-29T22:08:53Z,lwasser
43,GALAssify,Manalclay,ab93,SimonMolinsky,2024-09-30 09:12:52+00:00,2025-12-10 03:33:49+00:00,2025-11-16,['6/pyOS-approved'],214,A Python package for visually classifying astronomical objects,"['data-validation-testing', 'data-visualization']",pyos-accepted,2025-12-12T13:12:57Z,Manalclay
44,neonutilities,cklunch,JuliMillan,cmarmo,2024-09-25 21:27:31+00:00,2025-05-30 16:31:22+00:00,2025-05- 10,['6/pyOS-approved'],213,neonutilities is a package for accessing and wrangling data generated and published by the National Ecological Observatory Network.,"['data-retrieval', 'data-processing-munging']",pyos-accepted,2025-05-30T16:31:22Z,JuliMillan
45,FElupe,adtzlr,tkoyama010,cmarmo,2024-09-14 22:37:44+00:00,2025-11-17 22:40:18+00:00,2025-9-18,"['6/pyOS-approved', '9/joss-approved']",212,Finite element analysis for continuum mechanics of solid bodies.,"['data-retrieval', 'data-extraction', 'data-processing-munging', 'data-visualization']",joss-accepted,2025-11-17T22:40:18Z,lwasser
46,Solar Data Tools,pluflou,shirubana,cmarmo,2024-08-17 06:30:02+00:00,2025-06-27 21:22:44+00:00,2025-06-13,"['6/pyOS-approved', '9/joss-approved']",210,Library of tools for analyzing photovoltaic power time-series data.,"['data-retrieval', 'data-extraction', 'data-processing-munging', 'data-visualization']",joss-accepted,2025-06-27T21:22:44Z,cmarmo
47,THzTools,jsdodge,banesullivan,cmarmo,2024-08-01 11:54:53+00:00,2024-12-03 02:41:20+00:00,2024-11-22,"['6/pyOS-approved', '9/joss-approved']",209,Data analysis software tools for terahertz time-domain spectroscopy (THz-TDS),['data-processing-munging'],joss-accepted,2025-03-26T06:49:23Z,banesullivan
48,BlackMarblePy,g4brielvs,yeelauren,cmarmo,2024-07-18 14:15:11+00:00,,missing,"['5/awaiting-reviewer-response', '⌛ pending-maintainer-response']",207,Georeferenced Rasters and Statistics of Nightlights from NASA Black Marble,"['data-retrieval', 'data-processing-munging']",on hold,2026-06-19T12:32:57Z,g4brielvs
49,MontePy,micahgale,kellyrowland,cmarmo,2024-07-01 21:04:05+00:00,2025-04-30 19:12:35+00:00,2025-03-19,"['6/pyOS-approved', '9/joss-approved']",205,"MontePy is a python library for reading, editing, and writing MCNP input files.","['workflow-automation', 'scientific-software-wrapper']",joss-accepted,2025-05-01T20:03:34Z,lwasser
50,Great Tables,rich-iannone,Batalex,Batalex,2024-06-14 19:55:59+00:00,2025-07-29 22:16:20+00:00,2025-01-03,['6/pyOS-approved'],202,Make awesome display tables using Python.,['data-visualization'],pyos-accepted,2025-07-29T22:16:52Z,lwasser
51,Stingray,matteobachetti,hamogu,cmarmo,2024-06-14 12:59:47+00:00,2024-11-13 00:03:51+00:00,2024-10-01,"['6/pyOS-approved', '9/joss-approved', 'astropy']",201,A spectral-timing software package for astrophysical X-ray (and other) data,"['data-processing-munging', 'data-validation-testing']",joss-accepted,2024-11-13T00:03:51Z,hamogu
52,Fluidimage,paugier,cmarmo,Batalex,2024-05-30 12:53:48+00:00,2026-04-13 20:31:52+00:00,2025-12-17,['6/pyOS-approved'],194,"""Fluidimage: a Python framework to study flows from images""","['data-processing-munging', 'data-visualization']",pyos-accepted,2026-01-05T12:03:22Z,paugier
53,astrodata,teald,hamogu,Batalex,2024-05-13 23:48:03+00:00,2025-04-11 19:09:19+00:00,2025-02-04,"['6/pyOS-approved', 'astropy']",181,Common interface for astronomical data products.,"['data-extraction', 'data-processing-munging']",pyos-accepted,2025-04-11T19:09:20Z,lwasser
54,QuadratiK,rmj3197,isabelizimm,Batalex,2024-05-13 21:23:44+00:00,2025-02-27 20:45:41+00:00,2024-12-03,['6/pyOS-approved'],180,"QuadratiK includes test for multivariate normality, test for uniformity on the sphere, non-parametric two- and k-sample tests, random generation of points from the Poisson kernel-based density and clustering algorithm for spherical data.",['data-processing-munging'],pyos-accepted,2025-02-27T20:45:41Z,lwasser
55,PyPartMC,slayoo,cmarmo,Batalex,2024-05-03 18:22:59+00:00,2025-02-17 18:52:18+00:00,2025-02-12,['6/pyOS-approved'],179,Python interface to PartMC aerosol-dynamics Monte-Carlo simulation package,['scientific-software-wrapper'],pyos-accepted,2025-02-17T21:44:55Z,slayoo
56,Dolphot-LC,whit5224,TBD,,2024-05-01 02:37:44+00:00,,missing,"['0/pre-review-checks', '⌛ pending-maintainer-response', 'on-hold', 'astropy']",177,Dolphot-LC is an automated Hubble Space Telescope (HST) data pipeline based on the popular Dolphot analysis package; this package allows for the creation of lightcurves and difference images from HST data.,"['data-extraction', 'data-processing-munging']",on hold,2025-10-07T20:58:22Z,dhomeier
57,ANDES,jinningwang,TBD,cmarmo,2024-04-22 15:24:10+00:00,2025-12-16 04:26:18+00:00,missing,"['0/pre-review-checks', '⌛ pending-maintainer-response', 'on-hold']",176,Power system transient dynamics simulation with symbolic modeling and numerical analysis,['data-processing-munging'],on hold,2025-12-16T04:26:18Z,eliotwrobson
58,CyNetDiff,eliotwrobson,,Batalex,2024-04-22 03:28:38+00:00,2025-09-03 00:17:41+00:00,2025-08-22,['6/pyOS-approved'],175,"A performance-focused library implementing algorithms for simulating network diffusion processes, written in Cython.",['data-processing-munging'],pyos-accepted,2025-09-03T00:17:41Z,lwasser
59,AMS,jinningwang,,Batalex,2024-04-22 01:37:56+00:00,2025-11-14 02:04:35+00:00,2025-09-07,['6/pyOS-approved'],174,Power system dispatch modeling and dispatch-dynamic co-simulation.,['data-processing-munging'],pyos-accepted,2025-11-14T21:42:02Z,lwasser
60,pooltool,ekiefl,cmarmo,Batalex,2024-04-15 21:44:43+00:00,2024-10-01 11:51:34+00:00,2024-09-16,"['6/pyOS-approved', '9/joss-approved']",173,Pooltool is a general purpose billiards simulator crafted specifically for science and engineering.,"['data-processing-munging', 'data-visualization']",joss-accepted,2024-10-01T11:51:34Z,cmarmo
61,martini,kyleaoman,hamogu,isabelizimm,2024-03-06 17:08:29+00:00,2024-07-01 15:58:14+00:00,2024-06-03,"['6/pyOS-approved', '9/joss-approved', 'astropy']",164,MARTINI is a modular package for the creation of synthetic resolved HI line observations (data cubes) of smoothed-particle hydrodynamics simulations of galaxies.,['data-processing-munging'],joss-accepted,2024-06-04T15:03:59Z,kyleaoman
62,ZodiPy,metinsa,dhomeier,isabelizimm,2024-02-24 12:28:07+00:00,2024-05-13 17:38:26+00:00,2024-04-21,"['6/pyOS-approved', '9/joss-approved', 'astropy']",161,Zodiacal emission simulations in timestreams or HEALPix for solar system observers.,['scientific-software-wrapper'],joss-accepted,2024-05-13T17:38:26Z,dhomeier
63,plot_phylo,KatyBrown,ctb,isabelizimm,2024-02-22 11:55:59+00:00,2025-03-19 21:22:05+00:00,2025-01-21,['6/pyOS-approved'],160,A Python package to plot a phylogenetic tree on an existing Matplotlib axis.,"['data-visualization', 'workflow-automation']",pyos-accepted,2025-03-19T21:22:05Z,lwasser
64,PetroFit,robelgeda,dhomeier,isabelizimm,2024-02-16 22:46:47+00:00,2025-05-02 11:04:53+00:00,2025-02-28,"['6/pyOS-approved', 'astropy']",159,"The PetroFit Project is an open-source effort to develop end-to-end tools for making accurate photometric measurements, estimating morphological properties, and fitting 2D models to galaxy images.",['data-processing-munging'],pyos-accepted,2025-05-02T11:04:53Z,hamogu
65,harmonize-wq,jbousquin,Batalex,isabelizimm,2024-02-08 19:43:03+00:00,2025-02-06 17:12:02+00:00,2024-08-10,"['6/pyOS-approved', '9/joss-approved']",157,"Standardize, clean, and wrangle Water Quality Portal data into more analytic-ready formats",['data-processing-munging'],joss-accepted,2025-02-06T17:12:02Z,lwasser
66,xnemogcm,rcaneill,ocefpaf,,2024-01-06 12:33:45+00:00,2024-04-18 10:12:09+00:00,2024-04-02,['6/pyOS-approved'],155,Interface to open NEMO global circulation model output dataset with xarray and create a xgcm grid.,['data-processing-munging'],pyos-accepted,2024-04-18T10:12:09Z,ocefpaf
67,automata,eliotwrobson,sneakers-the-rat,isabelizimm,2023-12-31 02:23:34+00:00,2024-08-01 19:14:27+00:00,2024-06-29,['6/pyOS-approved'],152,"A Python library for simulating finite automata, pushdown automata, and Turing machines.","['data-processing-munging', 'data-visualization']",pyos-accepted,2024-08-01T19:14:27Z,lwasser
68,Plenoptic,billbrod,,sneakers-the-rat,2023-11-17 20:39:40+00:00,,2026-03-11,['6/pyOS-approved'],150,a python library for model-based synthesis of perceptual stimuli,[],pyos-accepted,2026-06-04T15:23:26Z,eliotwrobson
69,SLEPLET,paddyroddy,SimonMolinsky,NickleDave,2023-11-16 01:32:15+00:00,2024-06-06 08:29:04+00:00,2024-05-21,"['6/pyOS-approved', '9/joss-approved']",149,Slepian Scale-Discretised Wavelets in Python,"['data-processing-munging', 'data-visualization']",joss-accepted,2024-06-06T08:29:04Z,SimonMolinsky
70,sunpy,nabobalis,cmarmo,isabelizimm,2023-10-30 18:45:06+00:00,2024-01-27 23:05:39+00:00,2024-01-18,['6/pyOS-approved'],147,Python for Solar Physics,"['data-retrieval', 'data-extraction', 'data-processing-munging', 'data-visualization']",pyos-accepted,2024-01-31T06:59:44Z,nabobalis
71,ncompare,danielfromearth,tomalrussell,NickleDave,2023-10-25 13:12:48+00:00,2024-06-12 15:48:36+00:00,2024-02-06,"['6/pyOS-approved', '9/joss-approved']",146,"`ncompare` compares two netCDF files at the command line, by generating a report of the matching and non-matching groups, variables, and attributes.",['data-validation-testing'],joss-accepted,2024-06-12T15:48:20Z,lwasser
72,rdata,vnmabus,isabelizimm,NickleDave,2023-10-20 08:26:10+00:00,2025-02-21 20:20:59+00:00,2024-2-29,"['6/pyOS-approved', '9/joss-approved']",144,Read R datasets from Python.,['data-processing-munging'],joss-accepted,2025-02-22T00:24:48Z,lwasser
73,EOmaps,raphaelquast,banesullivan,NickleDave,2023-09-26 12:14:47+00:00,2024-03-20 05:56:50+00:00,2024-03-14,['6/pyOS-approved'],138,"EOmaps is a python package to visualize, analyze and compare geographical datasets.",['data-visualization'],pyos-accepted,2024-03-19T09:51:33Z,raphaelquast
74,sourmash,bluegenes,snacktavish,,2023-08-14 21:02:57+00:00,2024-07-22 20:13:57+00:00,2024-4-4,"['6/pyOS-approved', '9/joss-approved']",129,"`sourmash` is a command line tool and Python library for sketching collections of DNA, RNA, and amino acid k-mers for biological sequence search, comparison, and analysis.",['data-processing-munging'],joss-accepted,2024-07-23T19:41:55Z,lwasser
75,GemGIS,AlexanderJuestel,yeelauren,,2023-08-08 07:11:59+00:00,2025-07-29 21:46:57+00:00,missing,"['4/reviews-in-awaiting-changes', '⌛ pending-maintainer-response', 'on-hold']",128,Spatial Data Processing for Geomodeling,"['data-extraction', 'data-processing-munging', 'data-visualization', 'workflow-automation']",on hold,2025-07-29T21:46:57Z,lwasser
76,psychoanalyze,schlich,TBD,,2023-08-04 19:38:38+00:00,2024-10-03 00:03:35+00:00,missing,"['0/pre-review-checks', '⌛ pending-maintainer-response', 'on-hold']",125,Interactive simulation & analysis for psychophysics.,"['data-processing-munging', 'data-visualization', 'workflow-automation', 'database-interoperability']",on hold,2024-10-03T00:42:50Z,schlich
77,Sciform,jagerber48,Batalex,,2023-07-21 04:41:08+00:00,2024-05-02 16:42:00+00:00,2024-02-07,['6/pyOS-approved'],121,"A package for converting python numbers (floats, Decimals) into scientific-formatted strings more suitable for reading and presentation.",['data-visualization'],pyos-accepted,2024-05-02T17:45:59Z,lwasser
78,astartes,JacksonBurns,cmarmo,,2023-07-10 22:12:51+00:00,2023-11-12 21:12:16+00:00,2023-10-15,"['6/pyOS-approved', '9/joss-approved']",120,Better Data Splits for Machine Learning,['data-processing-munging'],joss-accepted,2023-11-13T14:03:26Z,BerylKanali
79,XGI,nwlandry,SimonMolinsky,,2023-06-08 16:15:32+00:00,2023-10-23 07:38:27+00:00,2023-09-23,"['6/pyOS-approved', '9/joss-approved']",115,XGI is a Python package for higher-order networks.,"['data-retrieval', 'data-processing-munging', 'data-visualization']",joss-accepted,2023-10-11T09:07:05Z,SimonMolinsky
80,climate_indices,monocongo,TBD,,2023-05-12 19:51:24+00:00,2024-10-03 00:02:02+00:00,missing,"['0/pre-review-checks', '⌛ pending-maintainer-response']",111,"A suite of climate indices developed for drought.gov at NOAA, useful for drought monitoring.",['data-processing-munging'],on hold,2024-10-03T00:02:02Z,lwasser
81,biocypher,slobentanzer,arianesasso,,2023-05-04 18:08:32+00:00,2023-11-28 18:03:51+00:00,2023-11-14,['6/pyOS-approved'],110,framework for creating biomedical knowledge graphs,"['data-retrieval', 'data-extraction', 'data-processing-munging', 'data-deposition', 'data-validation-testing', 'workflow-automation', 'database-interoperability']",pyos-accepted,2023-11-28T20:23:24Z,slobentanzer
82,cardsort,katoss,Batalex,,2023-04-20 11:29:27+00:00,2023-08-23 08:21:12+00:00,2023-08-16,['6/pyOS-approved'],102,A python package to analyse data from open card sorting tasks,"['data-extraction', 'data-processing-munging', 'data-visualization']",pyos-accepted,2023-09-11T22:08:58Z,lwasser
83,FawltyDeps,mknorps,TBD,,2023-04-02 12:01:54+00:00,2023-04-12 19:16:56+00:00,missing,"['0/pre-review-checks', 'New Submission!', 'currently-out-of-scope']",94,Dependency checker for Python that finds undeclared and/or unused 3rd-party dependencies in your Python project.,['workflow-automation'],out of scope,2023-04-21T13:53:52Z,NickleDave
84,afscgap,sampottinger,ocefpaf,,2023-03-25 00:27:27+00:00,2023-06-28 19:06:00+00:00,2023-05-30,"['6/pyOS-approved', '9/joss-approved']",93,Community contributed Python-based tools for working with public bottom trawl surveys data from the NOAA Alaska Fisheries Science Center Groundfish Assessment Program ([NOAA AFSC GAP](https://www.fisheries.noaa.gov/contact/groundfish-assessment-program)).,"['data-retrieval', 'data-processing-munging', 'data-visualization']",joss-accepted,2023-06-28T19:06:00Z,ocefpaf
85,taxpasta,Midnighter,ctb,,2023-03-02 16:50:50+00:00,2023-07-12 14:22:46+00:00,2023-07-05,"['6/pyOS-approved', '9/joss-approved']",84,TAXonomic Profile Aggregation and STAndardisation,['data-processing-munging'],joss-accepted,2023-07-12T15:32:28Z,Kevin-Mattheus-Moerman
86,bibat,teddygroves,mjhajharia,,2023-03-01 14:16:51+00:00,2023-12-13 22:30:02+00:00,2023-07-05,['6/pyOS-approved'],83,An interactive template for Bayesian statistical analysis projects,['workflow-automation'],pyos-accepted,2023-12-13T22:30:02Z,lwasser
87,Python-graphblas,eriknw,tomalrussell,,2023-02-04 23:07:20+00:00,2023-07-27 17:48:29+00:00,2023-07-14,['6/pyOS-approved'],81,Python library for GraphBLAS: high-performance sparse linear algebra for scalable graph analytics,"['data-munging', 'scientific-software-wrapper']",pyos-accepted,2023-07-27T17:58:35Z,eriknw
88,Hamilton (sf-hamilton on pypi),skrawcz,TBD,,2023-02-01 20:37:10+00:00,2024-10-02 23:59:57+00:00,missing,"['0/pre-review-checks', 'on-hold']",80,A general purpose micro-framework for defining dataflows.,"['data-retrieval', 'data-extraction', 'data-munging']",on hold,2024-10-02T23:59:57Z,lwasser
89,xclim,Zeitsperre,Batalex,,2023-01-16 16:59:20+00:00,2023-05-22 04:04:53+00:00,2023-04-11,"['6/pyOS-approved', '9/joss-approved', 'Pangeo']",73,Climate indices computation package based on Xarray,"['data-munging', 'reproducibility', 'geospatial']",joss-accepted,2023-06-14T17:18:04Z,lwasser
90,crowsetta,NickleDave,cmarmo,cmarmo,2023-01-03 19:39:16+00:00,2023-04-13 20:26:00+00:00,2023-03-28,"['6/pyOS-approved', '9/joss-approved']",68,A Python tool to work with any format for annotating animal vocalizations and bioacoustics data.,"['data-extraction', 'data-munging', 'reproducibility']",joss-accepted,2023-06-07T20:55:36Z,lwasser
91,Pynteny,Robaina,arianesasso,,2022-12-16 22:02:53+00:00,2023-04-12 20:48:15+00:00,2023-03-10,"['6/pyOS-approved', '9/joss-approved']",67,Query sequence database by HMMs arranged in predefined synteny structure,"['data-retrieval', 'data-extraction', 'education']",joss-accepted,2023-04-12T20:48:15Z,NickleDave
92,PyGMTSAR,mobigroup.ru,TBD,,2022-09-17 04:31:21+00:00,2022-11-29 16:19:38+00:00,missing,"['0/pre-review-checks', 'currently-out-of-scope']",60,PyGMTSAR (Python GMTSAR) is an open source project and Python package that provides easy and fast Sentinel-1 Satellite Interferometry for everyone,[],out of scope,2022-11-29T16:19:38Z,lwasser
93,hudpy,etam4260,TBD,,2022-06-13 05:33:45+00:00,2022-09-01 21:41:41+00:00,,"['0/pre-review-checks', 'New Submission!', 'on-hold']",54,A Python Interface to the US Department of Housing and Urban Development APIs,"['data-retrieval', 'data-munging', 'geospatial']",on hold,2022-09-01T21:41:41Z,lwasser
94,HuMPI: Hurricane Maximum Potential Intensity model,apalarcon,TBD,,2022-04-27 12:14:22+00:00,2022-09-01 18:26:09+00:00,,"['0/pre-review-checks', '⌛ pending-maintainer-response', 'New Submission!']",52,https://github.com/apalarcon/HuMPI-master,"['reproducibility', 'education']",on hold,2022-09-01T18:26:09Z,lwasser
95,Ocetrac,hscannell,TBD,,2021-11-30 18:52:06+00:00,2022-02-23 18:15:26+00:00,,"['0/pre-review-checks', 'New Submission!', 'on-hold']",49,Ocetrac is a python package to detect and track the spatiotemporal evolution of marine heatwaves.,['geospatial'],on hold,2024-08-13T01:54:04Z,lwasser
96,Sevivi,justamad,xmnlab,,2021-12-30 13:55:10+00:00,2022-09-06 14:18:26+00:00,,"['4/reviews-in-awaiting-changes', '⌛ pending-maintainer-response']",50,A Rendering Tool to Generate Videos With Synchronized Sensor Data,['data-visualization*'],on hold,2022-09-06T14:18:26Z,lwasser
97,Jointly,enra64,xmnlab,,2021-08-31 12:58:45+00:00,2022-01-12 18:45:20+00:00,2021-12-29,['6/pyOS-approved'],45,Jointly is a python package for synchronizing sensors with accelerometer data,['data-munging'],pyos-accepted,2022-09-28T14:21:13Z,lwasser
98,PyGMT,weiji14,lwasser,,2021-07-23 00:37:07+00:00,2023-06-12 22:47:16+00:00,2022-9-1,['6/pyOS-approved'],43,A Python interface for the Generic Mapping Tools,"['data-munging', 'data-visualization', 'geospatial']",pyos-accepted,2023-09-14T17:47:44Z,jbusecke
99,Devicely,arianesasso,xmnlab,,2021-04-03 19:25:41+00:00,2022-09-07 15:40:27+00:00,2021-08-19,"['6/pyOS-approved', '9/joss-approved']",37,"A Python package for reading, timeshifting and writing sensor data",['data-munging'],joss-accepted,2022-09-28T14:46:20Z,lwasser
100,eazieda,,TBD,,2021-03-18 23:01:58+00:00,2021-03-18 23:09:50+00:00,,"['0/pre-review-checks', 'New Submission!']",34,eazieda** makes data wrangling and exploratory data analysis (EDA) quite simple and fast,"['data-munging', 'data-visualization*']",pre-review,2021-03-18T23:10:01Z,arashshams
101,openomics,JonnyTran,NickleDave,,2021-01-01 19:54:20+00:00,2021-05-10 17:48:02+00:00,2021-04-17,"['6/pyOS-approved', '9/joss-approved']",31,"Library for integration of multi-omics, annotation, and interaction data","['data-retrieval', 'data-extraction', 'data-munging', 'reproducibility']",joss-accepted,2022-09-28T19:24:11Z,lwasser
102,Physcraper,snacktavish,NickleDave,,2020-07-15 22:31:52+00:00,2021-09-18 01:07:07+00:00,2021-09-14,['6/pyOS-approved'],26,Automated phylogenetic updating,"['data-retrieval', 'data-munging']",pyos-accepted,2022-10-24T23:09:37Z,lwasser
103,pystiche,pmeier,NickleDave,,2020-07-02 12:57:08+00:00,2020-10-14 16:05:10+00:00,2020-10-08,"['6/pyOS-approved', '9/joss-approved']",25,Framework for Neural Style Transfer (NST) built upon PyTorch,['reproducibility'],joss-accepted,2022-09-28T15:20:26Z,lwasser
104,phenopype,mluerig,jbencook,,2020-05-04 16:51:36+00:00,2021-05-17 21:07:45+00:00,2021-05-13,['6/pyOS-approved'],24,a phenotyping pipeline for Python,"['data-extraction', 'reproducibility']",pyos-accepted,2023-04-28T13:09:18Z,NickleDave
105,pyrolite,morganjwilliams,lwasser,,2020-02-19 04:54:35+00:00,2020-06-09 13:13:43+00:00,2020-06-04,"['6/pyOS-approved', '9/joss-approved']",20,A set of tools for getting the most from your geochemical data.,"['data-munging', 'reproducibility', 'education', 'data-visualization*']",joss-accepted,2022-09-28T15:37:51Z,lwasser
106,MovingPandas,anitagraser,jlpalomino,,2020-01-06 17:13:27+00:00,2020-04-08 17:14:16+00:00,2020-03-19,['6/pyOS-approved'],18,Trajectory classes and functions built on top of GeoPandas,"['geospatial', 'data-visualization*']",pyos-accepted,2022-09-28T15:42:15Z,lwasser
107,ObsPy,megies,lwasser,,2019-12-12 00:42:45+00:00,2022-09-01 16:38:37+00:00,,"['0/pre-review-checks', '3/reviewers-assigned', 'on-hold']",16,A Python Toolbox for seismology/seismological observatories.,"['data-retrieval', 'data-munging', 'geospatial', 'education']",on hold,2022-09-01T16:38:37Z,lwasser
108,pandera,cosmicbboy,lwasser,,2019-08-14 22:21:25+00:00,2021-12-16 21:55:55+00:00,2019-10-10,['6/pyOS-approved'],12,"validate the types, properties, and statistics of pandas data structures","['data-munging', 'reproducibility']",pyos-accepted,2023-07-10T18:44:46Z,cosmicBboy
109,Nbless,marskar,lwasser,,2019-05-30 18:27:38+00:00,2019-08-06 15:45:11+00:00,2019-06-17,"['6/pyOS-approved', 'archived']",7,"Construct, deconstruct, convert, execute, & prepare slides from Jupyter notebooks","['reproducibility', 'education']",pyos-accepted,2024-12-17T18:02:51Z,lwasser
110,earthpy,lwasser,luizirber,,2019-05-08 15:02:14+00:00,2019-11-13 22:59:32+00:00,2019-11-06,"['6/pyOS-approved', '9/joss-approved', 'archived']",3,A package built to support working with spatial data using open source python,['geospatial'],joss-accepted,2025-02-15T03:57:27Z,banesullivan
